{
  "Total" : {
    "transaction" : "Total",
    "sampleCount" : 30007,
    "errorCount" : 5765,
    "errorPct" : 19.212183,
    "meanResTime" : 7613.787982804042,
    "medianResTime" : 8917.5,
    "minResTime" : 0.0,
    "maxResTime" : 40278.0,
    "pct1ResTime" : 17467.700000000048,
    "pct2ResTime" : 23818.9,
    "pct3ResTime" : 35168.91000000002,
    "throughput" : 95.9950606067392,
    "receivedKBytesPerSec" : 925.465867945809,
    "sentKBytesPerSec" : 9.163896372313165
  },
  "HTTP Request" : {
    "transaction" : "HTTP Request",
    "sampleCount" : 30007,
    "errorCount" : 5765,
    "errorPct" : 19.212183,
    "meanResTime" : 7613.787982804042,
    "medianResTime" : 8917.5,
    "minResTime" : 0.0,
    "maxResTime" : 40278.0,
    "pct1ResTime" : 17467.700000000048,
    "pct2ResTime" : 23818.9,
    "pct3ResTime" : 35168.91000000002,
    "throughput" : 95.9950606067392,
    "receivedKBytesPerSec" : 925.465867945809,
    "sentKBytesPerSec" : 9.163896372313165
  }
}