{
  "Total" : {
    "transaction" : "Total",
    "sampleCount" : 2500,
    "errorCount" : 0,
    "errorPct" : 0.0,
    "meanResTime" : 231.81199999999998,
    "medianResTime" : 146.0,
    "minResTime" : 125.0,
    "maxResTime" : 2579.0,
    "pct1ResTime" : 196.0,
    "pct2ResTime" : 547.0,
    "pct3ResTime" : 2388.959999999999,
    "throughput" : 176.94104324439098,
    "receivedKBytesPerSec" : 2025.0536076066956,
    "sentKBytesPerSec" : 20.90807249274542
  },
  "HTTP Request" : {
    "transaction" : "HTTP Request",
    "sampleCount" : 2500,
    "errorCount" : 0,
    "errorPct" : 0.0,
    "meanResTime" : 231.81199999999998,
    "medianResTime" : 146.0,
    "minResTime" : 125.0,
    "maxResTime" : 2579.0,
    "pct1ResTime" : 196.0,
    "pct2ResTime" : 547.0,
    "pct3ResTime" : 2388.959999999999,
    "throughput" : 176.94104324439098,
    "receivedKBytesPerSec" : 2025.0536076066956,
    "sentKBytesPerSec" : 20.90807249274542
  }
}